,pixels,area_km2,percentage
No Detection,2529760,252.976,99.82400896528321
High Confidence,0,0.0,0.0
SAR Only (Cloudy),4425,0.4425,0.17460993915287543
Optical Only,35,0.0035,0.0013810955639210487
